id,name,email,phone,position,hire_date,salary,department_id,manager_id
1,김대표,ceo@company.com,010-1111-0001,대표이사,2015-03-01,150000000,1,
2,박인사,hr.park@company.com,010-1111-0002,팀장,2016-05-15,85000000,4,1
3,이재무,finance.lee@company.com,010-1111-0003,팀장,2016-08-20,82000000,5,1
4,최기술,tech.choi@company.com,010-1111-0004,본부장,2016-01-10,120000000,2,1
5,정개발,dev.jung@company.com,010-1111-0005,팀장,2017-03-02,95000000,6,4
6,한개발,dev.han@company.com,010-1111-0006,시니어,2018-07-01,78000000,6,5
7,윤개발,dev.yoon@company.com,010-1111-0007,주니어,2023-01-09,52000000,6,5
8,송QA,qa.song@company.com,010-1111-0008,팀장,2017-11-15,88000000,8,4
9,임영업,sales.lim@company.com,010-1111-0009,팀장,2017-06-01,90000000,9,1
10,강영업,sales.kang@company.com,010-1111-0010,대리,2020-03-15,55000000,9,9
11,오해외,intl.oh@company.com,010-1111-0011,팀장,2018-02-01,92000000,10,1
12,서개발,dev.seo@company.com,010-1111-0012,시니어,2019-04-01,75000000,7,4
