id,patient_id,doctor_id,appointment_date,status,chief_complaint
1,1,1,2024-01-15,completed,가슴 답답함과 숨참 증상이 2주째 지속
2,2,2,2024-02-03,completed,기침이 3주 넘게 지속되고 가래에 피가 섞임
3,3,3,2024-02-20,completed,오른쪽 아랫배 통증이 점점 심해짐
4,4,1,2024-03-10,completed,어지러움과 두통이 잦아지고 혈압이 높음
5,5,5,2024-03-25,completed,집중력 저하와 과잉행동으로 학교에서 문제
6,6,7,2024-04-05,completed,왼쪽 유방에 멍울이 만져짐
7,7,6,2024-05-12,completed,손 떨림과 보행 장애가 6개월째 진행
8,8,1,2024-06-01,completed,만성 피로감과 체중 감소
9,9,8,2024-06-20,completed,불면증과 지속적인 우울감이 3개월째
10,10,4,2024-07-08,scheduled,운동 중 무릎 부상으로 걷기 어려움
