id,name,birth_date,gender,phone,blood_type,emergency_contact,insurance_type
1,홍길동,1965-03-15,M,010-1111-2222,A+,홍말순(배우자) 010-1111-3333,국민건강보험
2,김서영,1978-08-22,F,010-2222-3333,B+,김태호(남편) 010-2222-4444,국민건강보험
3,이준혁,1990-01-10,M,010-3333-4444,O+,이명자(모) 010-3333-5555,국민건강보험
4,박지민,1952-11-30,F,010-4444-5555,AB+,박철수(아들) 010-4444-6666,의료급여1종
5,최도윤,2015-06-18,M,010-5555-6666,A-,최현수(부) 010-5555-7777,국민건강보험
6,정하은,1985-04-05,F,010-6666-7777,B-,정우성(남편) 010-6666-8888,국민건강보험
7,한승민,1970-09-12,M,010-7777-8888,O-,한미영(배우자) 010-7777-9999,직장가입자
8,윤채원,1945-12-25,F,010-8888-9999,A+,윤재호(아들) 010-8888-0000,의료급여2종
9,강태우,1988-07-07,M,010-9999-0000,AB-,강수미(배우자) 010-9999-1111,국민건강보험
10,임수빈,2000-02-14,F,010-0000-1111,B+,임정수(부) 010-0000-2222,국민건강보험
